Csapatkapitány	Csapatnév	NNG-s?	Közbringák	Bonbonok	Kiállítás	Logó	Kapuk	Összpontszám
"Adamik András"	"Elvis"	1	90.0	0.0	0.0	63.17	29.29	182.46
"Antoni Márton"	"Vendég csapat"	1	100.0	0.0	0.0	70.93	0.0	170.93
"Arató Dániel"	"The Munchkins"	1	10.0	41.03	20.0	66.34	0.0	137.37
"Bodai Richárd"	"d4r72"	1	10.0	18.89	20.0	67.76	0.0	116.65
"Buza László"	"Low"	1	0.0	0.0	0.0	70.78	0.0	70.78
"Bölöny Zsolt"	"Search AllStars"	1	100.0	46.08	0.0	70.29	0.0	216.37
"Furmann Márton"	"++CNew"	1	0.0	0.0	0.0	62.05	0.0	62.05
"Gőgös Balázs"	"TODO: not implemented"	1	0.0	0.0	0.0	39.76	0.0	39.76
"Hankó Gergely"	"C--"	1	10.0	22.57	0.0	74.93	0.0	107.5
"Keresztyén Péter"	"DBeast"	1	10.0	48.89	50.0	65.9	70.93	245.72
"Kovács Dániel"	"or '1'='1"	1	0	0	0	0	0	0
"Loneck Kristóf"	"Random Generált String"	1	0.0	0.0	0.0	0.0	0.0	0.0
"Peregi Tamás"	"RPG"	1	100.0	36.87	0.0	65.32	0.0	202.19
"Szeregnyi Kornél"	"systeamerror"	1	0.0	0.0	0.0	0.0	0.0	0.0
"Szigeti Norman"	"Format C++"	1	10.0	42.65	10.0	71.41	9.5	143.56
"Szitár Gergő"	"bugrabug"	1	0.0	34.98	0.0	63.56	0.0	98.54
"Szűcs Attila"	"Sheep it"	1	0.0	0.0	0.0	0.0	0.0	0.0
"Tarján Péter"	"Luna4ever"	1	100.0	46.91	70.0	60.59	0.0	277.5
"Tringel Balázs"	"DHunter"	1	0.0	0.0	0.0	0.0	0.0	0.0
"Tóth Gergely"	"Whatever Imperial SHarks"	1	0.0	0.0	0.0	0.0	0.0	0.0
"Varga Gábor"	"Daisho"	1	0.0	0.0	0.0	0.0	0.0	0.0
"Almási Péter"	"1337"	0	0.0	24.49	0.0	48.54	0.0	73.03
"András Kauer"	"Future programmers"	0	0.0	0.0	0.0	0.0	0.0	0.0
"Balaton Tamás"	"Nullptr_t"	0	0.0	0.0	0.0	0.0	0.0	0.0
"Bartal Zoltán"	"Utolsó"	0	0.0	39.98	0.0	70.68	0.0	110.66
"Barát Zoltán"	"constructive_interference"	0	0.0	0.0	0.0	0.0	0.0	0.0
"Bencze Gábor Péter"	"qwerty"	0	0.0	0.0	0.0	0.0	0.0	0.0
"Benis Olivér"	"micimacifanclub"	0	0.0	0.0	0.0	0.0	0.0	0.0
"Bicsérdi Balázs"	"Garbage"	0	10.0	22.04	0.0	59.37	0.0	91.41
"Borók-Nagy Zoltán"	"Impalers"	0	0.0	40.92	0.0	0.0	0.0	40.92
"Bugledits Péter"	"Segmentation Fault"	0	0.0	0.0	0.0	0.0	0.0	0.0
"Burka Benjamin"	"Game of Threads"	0	0.0	0.0	0.0	0.0	0.0	0.0
"Csermely Zoltán"	"CafeDeFlore"	0	0.0	0.0	0.0	0.0	0.0	0.0
"Csikós-Nagy Ákos"	"Sample Text"	0	0.0	0.0	0.0	0.0	0.0	0.0
"Csurilla Zsombor"	"Butter overflow"	0	0.0	0.0	0.0	0.0	0.0	0.0
"Csányi Ágnes"	"mindigkaracsony"	0	0.0	0.0	0.0	0.0	0.0	0.0
"Czékus József"	"Villogó lapáTTNYél"	0	0.0	0.0	0.0	49.61	0.0	49.61
"Dezső Bence"	"shameless"	0	0.0	0.0	0.0	0.0	0.0	0.0
"Deák Lajos"	"FélévmentéSCH"	0	0.0	0.0	0.0	0.0	0.0	0.0
"Duka Zoltán"	"n00bz"	0	0.0	0.0	0.0	0.0	0.0	0.0
"Dóra Fekete"	"Fragile"	0	0	0	0	0	0	0
"Dörnyei Bendegúz"	"Why not us?"	0	0.0	0.0	0.0	65.27	0.0	65.27
"Egervári Zoltán"	"Mikrobi"	0	0	0	0	0	0	0
"Eisam-Eldeen Amin"	"Taigetosz++"	0	10.0	0.0	0.0	68.98	0.0	78.98
"Fedor Eszter"	"#MayTheFloatBeWithYou"	0	0.0	0.0	0.0	0.0	0.0	0.0
"Fekete Dóra"	"Fragile"	0	0.0	0.0	0.0	0.0	0.0	0.0
"Ferenczy Péter"	"Lómajom"	0	0.0	0.0	0.0	0.0	0.0	0.0
"Fischer David"	"Csapat28"	0	0.0	0.0	0.0	0.0	0.0	0.0
"Fonyó Dávid"	"Mazsola"	0	100.0	0.0	0.0	0.0	0.0	100.0
"Formanek András"	"/([BT]?)A(NDR|L|M)Á(Z?)S/"	0	10.0	0.0	20.0	57.32	0.0	87.32
"Fábián Erik"	"std::team"	0	0.0	0.0	0.0	0.0	0.0	0.0
"Fábián Patrik"	"Rekurzió"	0	0.0	0.0	0.0	0.0	0.0	0.0
"Garad Ágoston"	"ElektroTeam"	0	0	0	0	0	0	0
"Gál Alex"	"Dangling Pointers"	0	0.0	0.0	0.0	0.0	0.0	0.0
"Géczi Péter"	"Deus ex masina"	0	0.0	0.0	0.0	0.0	0.0	0.0
"Hart Dániel"	"CsigaCsoport"	0	0	0	0	0	0	0
"Hassan Khaled"	"Szebi++"	0	0.0	0.0	0.0	0.0	0.0	0.0
"Hegyi Péter"	"Barkács"	0	0.0	0.0	0.0	0.0	0.0	0.0
"Heinrich Ákos"	"Dirty Bits"	0	0.0	0.0	0.0	0.0	0.0	0.0
"Hoang Anh Tuan"	"Rókabimbó"	0	10.0	19.7	0.0	75.17	0.0	104.87
"Holczer Viktor"	"return 0;"	0	0	0	0	0	0	0
"Horváth Erika Eszter"	"SyntaxError"	0	0.0	0.0	0.0	52.78	0.0	52.78
"Imets Tamás"	"SCHapka"	0	0.0	0.0	0.0	0.0	0.0	0.0
"Imolay András"	"livmadmun"	0	0.0	0.0	0.0	0.0	0.0	0.0
"Imre Szekeres"	"IntegerHangulat"	0	10.0	22.24	0.0	68.39	71.96	172.59
"Jantyik János"	"TeamPG"	0	10.0	0.0	0.0	0.0	0.0	10.0
"Juhász Balázs"	"korda gyuri"	0	70.0	44.88	0.0	0.0	0.0	114.88
"József Tuska"	"InSCHtant"	0	0.0	0.0	0.0	0.0	0.0	0.0
"Kalmár Péter"	"Szemlélet"	0	10.0	0.0	0.0	0.0	0.0	10.0
"Kapitány Zsolt"	"NemVagyokNagyC++Guru"	0	10.0	0.0	0.0	0.0	0.0	10.0
"Katona Gábor"	"Bölcsészkar"	0	0	0	0	0	0	0
"Kelemen Balázs"	"#MayTheJoeBeWithYou"	0	0.0	0.0	0.0	0.0	0.0	0.0
"Kelkó Balázs"	"B-iThunterz"	0	10.0	0.0	0.0	0.0	0.0	10.0
"Keresszegi Attila"	"Void"	0	50.0	0.0	50.0	63.66	44.67	208.33
"Kiss Gergely"	"Determinisztikus véges állapotú csillámpóni"	0	0.0	0.0	0.0	0.0	0.0	0.0
"Kiss Peter"	"Jezus szive"	0	0.0	0.0	0.0	0.0	0.0	0.0
"Kocsis István "	"**mutmut"	0	0.0	0.0	0.0	0.0	0.0	0.0
"Komonyi László"	"Afgán Kéttőgyű Metál Harcikecske"	0	0.0	0.0	0.0	0.0	0.0	0.0
"Koncz Levente"	"Wololo"	0	0.0	0.0	0.0	62.34	67.97	130.31
"Kovács Adorján Márk"	"Bojlai"	0	100.0	47.98	60.0	64.24	65.58	337.8
"Kovács Bence"	"SPOT++"	0	0.0	0.0	0.0	0.0	0.0	0.0
"Kovács Dániel"	"Rakéta Liga"	0	10.0	0.0	0.0	0.0	0.0	10.0
"Kovács Gábor"	"Csapat"	0	10.0	38.46	0.0	71.95	0.0	120.41
"Kovács Márton"	"Nullptr dereference"	0	10.0	0.0	0.0	62.15	0.0	72.15
"Kovács Máté"	"Анатолий и Борис"	0	0.0	0.0	0.0	0.0	0.0	0.0
"Kruppa Kinga"	"Antwerpen Kids"	0	0.0	0.0	0.0	0.0	0.0	0.0
"Kránitz Krisztián"	"KutyáimAlattAPénzem"	0	0.0	0.0	0.0	0.0	0.0	0.0
"Kutasi Bence"	"VI/A"	0	0.0	0.0	0.0	0.0	0.0	0.0
"Kántor Bence"	"wasd"	0	0.0	0.0	0.0	0.0	0.0	0.0
"Kövesd Viktor"	"Sör++"	0	0	0	0	0	0	0
"Leitereg András"	"Digital Hammer"	0	90.0	40.19	0.0	68.93	60.63	259.75
"Lácza Roland"	"Muksi és bandája "	0	0.0	0.0	0.0	0.0	0.0	0.0
"Lévai Gábor"	"Black Lion Reloaded"	0	0.0	0.0	0.0	0.0	0.0	0.0
"Lőrincz Szabolcs"	"Nem vagyok robot"	0	10.0	12.75	0.0	0.0	0.0	22.75
"Lőz Dávid"	"VHZ"	0	0.0	0.0	0.0	0.0	0.0	0.0
"Mihálykó András"	"Csirkés Piskóta"	0	100.0	0.0	0.0	61.66	0.0	161.66
"Molnár Martin"	"wunderbar"	0	10.0	23.76	0.0	46.2	0.0	79.96
"Móricz Attila"	"Haladó Tanfolyam"	0	0.0	0.0	0.0	0.0	0.0	0.0
"Münczberg Tamás"	"NullReFerenc"	0	0.0	0.0	0.0	0.0	0.0	0.0
"Nagy Márton"	"Csapat neve"	0	10.0	0.0	10.0	61.41	0.0	81.41
"Nagy Serbán Tünde"	"Egy szoknya két nadrág (✿◕‿◕)"	0	0.0	0.0	0.0	50.93	0.0	50.93
"Nagy Ákos"	"GTLiberty"	0	0.0	0.0	0.0	0.0	0.0	0.0
"Nilufer Aleskerli "	"Cosmic surgery "	0	0	0	0	0	0	0
"Norbert Ollai"	"OneManArmy"	0	0.0	0.0	0.0	0.0	0.0	0.0
"Németh Gábor"	"Vesztettem"	0	0.0	13.95	0.0	13.8	0.0	27.75
"Németh Zsolt"	"NP Compete"	0	100.0	0.0	100.0	62.88	0.0	262.88
"Orcsik Mihály"	"Beprogramoz-Lak"	0	0.0	0.0	0.0	0.0	0.0	0.0
"Orehóczki Bálint"	"CCI"	0	0	0	0	0	0	0
"Osztrovics Kornél"	"Hello World"	0	0.0	0.0	0.0	64.63	0.0	64.63
"Papatyi Dániel"	"BitHub"	0	0.0	0.0	0.0	48.88	0.0	48.88
"Papp István"	"Csapatnév: loading..."	0	0	0	0	0	0	0
"Pataki Gida"	"The Hypnogoat"	0	60.0	42.7	0.0	71.07	37.2	210.97
"Pető Ádám"	"pilots"	0	0.0	0.0	0.0	0.0	0.0	0.0
"Pogány Tamás"	"MrT"	0	0.0	0.0	0.0	0.0	0.0	0.0
"Posta Márió"	"dsp"	0	10.0	35.66	0.0	69.41	0.0	115.07
"Radnai László"	"Post-Typescript Stress Disorder"	0	0.0	0.0	0.0	0.0	0.0	0.0
"Simkó Dániel"	"S&Sz"	0	0.0	0.0	0.0	0.0	0.0	0.0
"Sinkó Péter"	"Szögedi Tuja Ellenőrök"	0	10.0	0.0	0.0	3.56	0.0	13.56
"Somogyvári Gergely"	"Krumplihuszárok"	0	0.0	0.0	0.0	0.0	0.0	0.0
"Stork Gábor"	"dagattak"	0	0.0	0.0	0.0	0.0	0.0	0.0
"Szabó Andrea"	"TODOTeam"	0	0.0	0.0	0.0	0.0	0.0	0.0
"Szabó Bence Sándor"	"TryCatchke"	0	0.0	0.0	0.0	56.83	0.0	56.83
"Szabó Dániel "	"Tátriqum"	0	100.0	23.37	0.0	38.29	0.0	161.66
"Szabó Ádám"	"Dunder Mifflin"	0	0.0	0.0	0.0	0.0	0.0	0.0
"Szalóki Dávid"	"Address Protectorz"	0	10.0	0.0	0.0	0.0	0.0	10.0
"Szécsi Péter"	"Harcos Hörcsögök"	0	0.0	25.81	0.0	63.56	0.0	89.37
"Szűcs Benedek"	"gibmedat150000"	0	10.0	0.0	0.0	70.24	0.0	80.24
"Sörös Máté"	"ParaLELeNamedPipeDons"	0	0.0	0.0	0.0	0.0	0.0	0.0
"Tar Dániel"	"cPPPo"	0	0.0	0.0	0.0	0.0	0.0	0.0
"Traubert Krisztofer"	"C++ is for noobs"	0	10.0	0.0	0.0	16.34	0.0	26.34
"Tukora Marcell"	"Nekem Tökmindegy"	0	0.0	0.0	0.0	0.0	0.0	0.0
"Tóth Bálint"	"Red Bool"	0	10.0	0.0	0.0	61.32	0.0	71.32
"Tóth Judit"	"otthonméglefordult"	0	0	0	0	0	0	0
"Tóth Marci"	"Ro:blox"	0	0	0	0	0	0	0
"Tóth Péter"	"Tobaku"	0	0.0	0.0	0.0	0.0	0.0	0.0
"Valki Márton"	"A ponthatáros hármas"	0	0.0	0.0	0.0	0.0	0.0	0.0
"Varga Bence Levente"	"Fridge Magic"	0	0.0	0.0	0.0	0.0	0.0	0.0
"Varga Dániel"	"Róóland"	0	0.0	0.0	0.0	0.0	0.0	0.0
"Vereb György"	"Ablak"	0	0.0	0.0	0.0	0.0	0.0	0.0
"Vida László"	"Intrinsics"	0	0.0	0.0	0.0	0.0	0.0	0.0
"Vidám Szabolcs"	"Promio"	0	0.0	0.0	0.0	0.0	0.0	0.0
"Virág Fausztin Asztrik"	"OrderedHeap"	0	0.0	0.0	0.0	52.49	0.0	52.49
"Vári-Kakas Andor"	"FazekasB"	0	0.0	0.0	0.0	0.0	0.0	0.0
"Végvári Zalán"	"CppConstructors"	0	0.0	0.0	0.0	0.0	0.0	0.0
"Wilk Gábor"	"Convict Coding"	0	0.0	0.0	0.0	0.0	0.0	0.0
"Wilmek Gábor Richárd"	"HippityHoppity"	0	0.0	0.0	0.0	53.02	0.0	53.02
"Wolosz János"	"Tutúúú"	0	100.0	46.04	0.0	0.0	0.0	146.04
"Wágner Róbert"	"WVW"	0	0.0	36.87	0.0	65.95	0.0	102.82
"Zalavári Márton"	"doyouC#?"	0	0.0	0.0	0.0	0.0	0.0	0.0
