Csapatkapitány	Csapatnév	NNG-s?	Közbringák	Bonbonok	Kiállítás	Logó	Kapuk	Összpontszám
"Adamik András"	"Elvis"	1	90.0	0.0	0.0	63.76	69.24	223.0
"Antoni Márton"	"Vendég csapat"	1	100.0	25.52	0.0	70.98	0.0	196.5
"Arató Dániel"	"The Munchkins"	1	0.0	41.03	20.0	66.34	9.7	137.07
"Bodai Richárd"	"d4r72"	1	10.0	36.64	40.0	67.76	0.0	154.4
"Buza László"	"Low"	1	0.0	0.0	0.0	70.78	0.0	70.78
"Bölöny Zsolt"	"Search AllStars"	1	100.0	46.08	10.0	70.29	18.0	244.37
"Furmann Márton"	"++CNew"	1	0.0	0.0	0.0	63.12	0.0	63.12
"Gőgös Balázs"	"TODO: not implemented"	1	0.0	0.0	0.0	39.76	0.0	39.76
"Hankó Gergely"	"C--"	1	10.0	22.57	0.0	74.93	0.0	107.5
"Keresztyén Péter"	"DBeast"	1	10.0	48.89	70.0	66.34	70.93	266.16
"Kovács Dániel"	"or '1'='1"	1	0	0	0	0	0	0
"Loneck Kristóf"	"Random Generált String"	1	0.0	0.0	0.0	58.98	0.0	58.98
"Peregi Tamás"	"RPG"	1	100.0	44.97	0.0	71.76	0.0	216.73
"Szeregnyi Kornél"	"systeamerror"	1	0.0	0.0	0.0	0.0	0.0	0.0
"Szigeti Norman"	"Format C++"	1	100.0	42.65	10.0	71.41	9.5	233.56
"Szitár Gergő"	"bugrabug"	1	0.0	34.98	0.0	63.56	0.0	98.54
"Szűcs Attila"	"Sheep it"	1	0.0	0.0	0.0	0.0	72.83	72.83
"Tarján Péter"	"Luna4ever"	1	100.0	46.91	70.0	60.59	86.78	364.28
"Tringel Balázs"	"DHunter"	1	0.0	0.0	0.0	0.0	0.0	0.0
"Tóth Gergely"	"Whatever Imperial SHarks"	1	0.0	0.0	0.0	0.0	0.0	0.0
"Varga Gábor"	"Daisho"	1	0.0	32.11	0.0	0.0	0.0	32.11
"Almási Péter"	"1337"	0	0.0	24.49	0.0	48.54	0.0	73.03
"András Kauer"	"Future programmers"	0	0.0	0.0	0.0	0.0	0.0	0.0
"Balaton Tamás"	"Nullptr_t"	0	10.0	0.0	0.0	60.88	0.0	70.88
"Bartal Zoltán"	"Utolsó"	0	10.0	39.98	80.0	70.68	27.67	228.33
"Barát Zoltán"	"constructive_interference"	0	0.0	0.0	0.0	0.0	0.0	0.0
"Bencze Gábor Péter"	"qwerty"	0	0.0	42.61	0.0	0.0	0.0	42.61
"Benis Olivér"	"micimacifanclub"	0	0.0	0.0	0.0	0.0	0.0	0.0
"Bicsérdi Balázs"	"Garbage"	0	10.0	22.04	0.0	59.37	0.0	91.41
"Borók-Nagy Zoltán"	"Impalers"	0	0.0	40.92	0.0	67.71	0.0	108.63
"Bugledits Péter"	"Segmentation Fault"	0	0.0	0.0	0.0	0.0	0.0	0.0
"Burka Benjamin"	"Game of Threads"	0	0.0	0.0	0.0	0.0	0.0	0.0
"Csermely Zoltán"	"CafeDeFlore"	0	90.0	46.39	0.0	67.32	0.0	203.71
"Csikós-Nagy Ákos"	"Sample Text"	0	0.0	0.0	0.0	0.0	0.0	0.0
"Csurilla Zsombor"	"Butter overflow"	0	0.0	0.0	0.0	0.0	0.0	0.0
"Csányi Ágnes"	"mindigkaracsony"	0	0.0	0.0	0.0	0.0	0.0	0.0
"Czékus József"	"Villogó lapáTTNYél"	0	50.0	0.0	0.0	52.2	0.0	102.2
"Dezső Bence"	"shameless"	0	0.0	0.0	0.0	0.0	0.0	0.0
"Deák Lajos"	"FélévmentéSCH"	0	0.0	0.0	0.0	0.0	0.0	0.0
"Duka Zoltán"	"n00bz"	0	0.0	0.0	0.0	0.0	0.0	0.0
"Dörnyei Bendegúz"	"Why not us?"	0	0.0	0.0	0.0	65.27	0.0	65.27
"Egervári Zoltán"	"Mikrobi"	0	0	0	0	0	0	0
"Eisam-Eldeen Amin"	"Taigetosz++"	0	10.0	0.0	0.0	68.98	39.44	118.42
"Fedor Eszter"	"#MayTheFloatBeWithYou"	0	0.0	0.0	0.0	0.0	0.0	0.0
"Fekete Dóra"	"Fragile"	0	0.0	32.34	0.0	0.0	0.0	32.34
"Ferenczy Péter"	"Lómajom"	0	0.0	0.0	0.0	0.0	0.0	0.0
"Fischer David"	"Csapat28"	0	0.0	0.0	0.0	0.0	0.0	0.0
"Fonyó Dávid"	"Mazsola"	0	100.0	0.0	0.0	59.32	0.0	159.32
"Formanek András"	"/([BT]?)A(NDR|L|M)Á(Z?)S/"	0	10.0	0.0	20.0	57.32	0.0	87.32
"Fábián Erik"	"std::team"	0	0.0	0.0	0.0	0.0	0.0	0.0
"Fábián Patrik"	"Rekurzió"	0	0.0	0.0	0.0	13.02	0.0	13.02
"Garad Ágoston"	"ElektroTeam"	0	0	0	0	0	0	0
"Gál Alex"	"Dangling Pointers"	0	0.0	0.0	0.0	0.0	0.0	0.0
"Géczi Péter"	"Deus ex masina"	0	0.0	0.0	0.0	0.0	0.0	0.0
"Hart Dániel"	"CsigaCsoport"	0	0.0	0.0	0.0	0.0	0.0	0.0
"Hassan Khaled"	"Szebi++"	0	0.0	0.0	0.0	0.0	0.0	0.0
"Hegyi Péter"	"Barkács"	0	10.0	0.0	0.0	34.63	0.0	44.63
"Heinrich Ákos"	"Dirty Bits"	0	0.0	0.0	0.0	0.0	0.0	0.0
"Hoang Anh Tuan"	"Rókabimbó"	0	20.0	36.91	0.0	75.17	0.0	132.08
"Holczer Viktor"	"return 0;"	0	0	0	0	0	0	0
"Horváth Erika Eszter"	"SyntaxError"	0	0.0	0.0	0.0	52.78	0.0	52.78
"Imets Tamás"	"SCHapka"	0	0.0	0.0	0.0	60.93	0.0	60.93
"Imolay András"	"livmadmun"	0	0.0	0.0	0.0	0.0	0.0	0.0
"Imre Szekeres"	"IntegerHangulat"	0	10.0	42.54	20.0	68.39	71.96	212.89
"Jantyik János"	"TeamPG"	0	10.0	0.0	0.0	0.0	0.0	10.0
"Juhász Balázs"	"korda gyuri"	0	90.0	45.07	10.0	67.51	0.0	212.58
"József Tuska"	"InSCHtant"	0	0.0	0.0	0.0	0.0	0.0	0.0
"Kalmár Péter"	"Szemlélet"	0	10.0	0.0	0.0	0.0	0.0	10.0
"Kapitány Zsolt"	"NemVagyokNagyC++Guru"	0	10.0	0.0	0.0	0.0	0.0	10.0
"Katona Gábor"	"Bölcsészkar"	0	0	0	0	0	0	0
"Kelemen Balázs"	"#MayTheJoeBeWithYou"	0	0.0	0.0	0.0	0.0	0.0	0.0
"Kelkó Balázs"	"B-iThunterz"	0	10.0	0.0	0.0	0.0	0.0	10.0
"Keresszegi Attila"	"Void"	0	50.0	43.46	60.0	63.66	83.14	300.26
"Kiss Gergely"	"Determinisztikus véges állapotú csillámpóni"	0	0.0	0.0	0.0	0.0	0.0	0.0
"Kiss Peter"	"Jezus szive"	0	0.0	0.0	0.0	0.0	0.0	0.0
"Kocsis István "	"**mutmut"	0	0.0	0.0	0.0	0.0	0.0	0.0
"Komonyi László"	"Afgán Kéttőgyű Metál Harcikecske"	0	0.0	12.75	0.0	57.37	0.0	70.12
"Koncz Levente"	"Wololo"	0	0.0	36.51	0.0	62.34	67.97	166.82
"Kovács Adorján Márk"	"Bojlai"	0	100.0	47.98	90.0	64.24	65.58	367.8
"Kovács Bence"	"SPOT++"	0	0.0	0.0	0.0	0.0	0.0	0.0
"Kovács Dániel"	"Rakéta Liga"	0	10.0	0.0	0.0	0.0	0.0	10.0
"Kovács Gábor"	"Csapat"	0	10.0	38.46	30.0	71.95	0.0	150.41
"Kovács Márton"	"Nullptr dereference"	0	10.0	0.0	0.0	62.15	0.0	72.15
"Kovács Máté"	"Анатолий и Борис"	0	0.0	0.0	0.0	0.0	0.0	0.0
"Kruppa Kinga"	"Antwerpen Kids"	0	10.0	17.12	0.0	59.37	0.0	86.49
"Kránitz Krisztián"	"KutyáimAlattAPénzem"	0	0.0	0.0	0.0	0.0	0.0	0.0
"Kutasi Bence"	"VI/A"	0	0.0	0.0	0.0	0.0	0.0	0.0
"Kántor Bence"	"wasd"	0	0.0	0.0	0.0	0.0	0.0	0.0
"Kövesd Viktor"	"Sör++"	0	0.0	0.0	0.0	46.88	0.0	46.88
"Leitereg András"	"Digital Hammer"	0	100.0	46.99	0.0	68.93	83.79	299.71
"Lácza Roland"	"Muksi és bandája "	0	0.0	0.0	0.0	0.0	0.0	0.0
"Lévai Gábor"	"Black Lion Reloaded"	0	0.0	0.0	0.0	0.0	0.0	0.0
"Lőrincz Szabolcs"	"Nem vagyok robot"	0	90.0	43.35	20.0	44.63	0.0	197.98
"Lőz Dávid"	"VHZ"	0	0.0	0.0	0.0	0.0	0.0	0.0
"Mihálykó András"	"Csirkés Piskóta"	0	100.0	0.0	0.0	63.71	33.15	196.86
"Molnár Martin"	"wunderbar"	0	20.0	23.76	0.0	46.2	0.0	89.96
"Móricz Attila"	"Haladó Tanfolyam"	0	0.0	0.0	0.0	0.0	0.0	0.0
"Münczberg Tamás"	"NullReFerenc"	0	0.0	0.0	0.0	0.0	0.0	0.0
"Nagy Márton"	"Csapat neve"	0	10.0	0.0	40.0	61.41	0.0	111.41
"Nagy Serbán Tünde"	"Egy szoknya két nadrág (✿◕‿◕)"	0	0.0	0.0	0.0	50.93	0.0	50.93
"Nagy Ákos"	"GTLiberty"	0	0.0	0.0	0.0	0.0	0.0	0.0
"Nilufer Aleskerli "	"Cosmic surgery "	0	0	0	0	0	0	0
"Norbert Ollai"	"OneManArmy"	0	0.0	0.0	0.0	51.56	0.0	51.56
"Németh Gábor"	"Vesztettem"	0	0.0	13.95	0.0	22.49	0.0	36.44
"Németh Zsolt"	"NP Compete"	0	100.0	40.36	100.0	68.68	0.0	309.04
"Orcsik Mihály"	"Beprogramoz-Lak"	0	0.0	0.0	0.0	0.0	0.0	0.0
"Orehóczki Bálint"	"CCI"	0	0	0	0	0	0	0
"Osztrovics Kornél"	"Hello World"	0	10.0	0.0	0.0	64.68	0.0	74.68
"Papatyi Dániel"	"BitHub"	0	0.0	0.0	0.0	48.88	0.0	48.88
"Papp István"	"Csapatnév: loading..."	0	0	0	0	0	0	0
"Pataki Gida"	"The Hypnogoat"	0	100.0	42.7	0.0	71.07	87.53	301.3
"Pető Ádám"	"pilots"	0	0.0	0.0	0.0	0.0	0.0	0.0
"Pogány Tamás"	"MrT"	0	0.0	0.0	0.0	0.0	0.0	0.0
"Posta Márió"	"dsp"	0	0.0	38.36	0.0	69.41	0.0	107.77
"Radnai László"	"Post-Typescript Stress Disorder"	0	0.0	0.0	0.0	0.0	0.0	0.0
"Simkó Dániel"	"S&Sz"	0	0.0	0.0	0.0	0.0	0.0	0.0
"Sinkó Péter"	"Szögedi Tuja Ellenőrök"	0	10.0	0.0	0.0	3.56	0.0	13.56
"Somogyvári Gergely"	"Krumplihuszárok"	0	0.0	0.0	0.0	0.0	0.0	0.0
"Stork Gábor"	"dagattak"	0	0.0	0.0	0.0	0.0	0.0	0.0
"Szabó Andrea"	"TODOTeam"	0	0.0	0.0	0.0	0.0	0.0	0.0
"Szabó Bence Sándor"	"TryCatchke"	0	0.0	0.0	0.0	56.83	0.0	56.83
"Szabó Dániel "	"Tátriqum"	0	100.0	23.37	0.0	0.0	0.0	123.37
"Szabó Ádám"	"Dunder Mifflin"	0	0.0	0.0	0.0	0.0	0.0	0.0
"Szalóki Dávid"	"Address Protectorz"	0	10.0	47.15	0.0	59.85	0.0	117.0
"Szécsi Péter"	"Harcos Hörcsögök"	0	40.0	26.18	0.0	63.56	0.0	129.74
"Szűcs Benedek"	"gibmedat150000"	0	10.0	0.0	0.0	70.24	0.0	80.24
"Sörös Máté"	"ParaLELeNamedPipeDons"	0	0.0	0.0	0.0	0.0	0.0	0.0
"Tar Dániel"	"cPPPo"	0	0.0	0.0	0.0	0.0	0.0	0.0
"Traubert Krisztofer"	"C++ is for noobs"	0	10.0	0.0	0.0	16.34	0.0	26.34
"Tukora Marcell"	"Nekem Tökmindegy"	0	0.0	0.0	0.0	0.0	0.0	0.0
"Tóth Bálint"	"Red Bool"	0	10.0	0.0	0.0	61.32	0.0	71.32
"Tóth Judit"	"otthonméglefordult"	0	0.0	0.0	0.0	0.0	0.0	0.0
"Tóth Marci"	"Ro:blox"	0	0	0	0	0	0	0
"Tóth Péter"	"Tobaku"	0	40.0	46.0	10.0	64.63	78.17	238.8
"Valki Márton"	"A ponthatáros hármas"	0	0.0	0.0	0.0	0.0	60.63	60.63
"Varga Bence Levente"	"Fridge Magic"	0	0.0	0.0	0.0	0.0	0.0	0.0
"Varga Dániel"	"Róóland"	0	0.0	0.0	20.0	0.0	0.0	20.0
"Vereb György"	"Ablak"	0	0.0	0.0	0.0	0.0	0.0	0.0
"Vida László"	"Intrinsics"	0	0.0	0.0	0.0	0.0	0.0	0.0
"Vidám Szabolcs"	"Promio"	0	0.0	0.0	0.0	0.0	0.0	0.0
"Virág Fausztin Asztrik"	"OrderedHeap"	0	90.0	44.46	100.0	52.49	0.0	286.95
"Vári-Kakas Andor"	"FazekasB"	0	0.0	0.0	0.0	0.0	0.0	0.0
"Végvári Zalán"	"CppConstructors"	0	0.0	46.99	0.0	62.78	0.0	109.77
"Wilk Gábor"	"Convict Coding"	0	0.0	0.0	0.0	29.61	0.0	29.61
"Wilmek Gábor Richárd"	"HippityHoppity"	0	10.0	0.0	0.0	53.02	0.0	63.02
"Wolosz János"	"Tutúúú"	0	100.0	47.75	0.0	65.17	18.5	231.42
"Wágner Róbert"	"WVW"	0	100.0	51.01	0.0	67.37	37.38	255.76
"Zalavári Márton"	"doyouC#?"	0	0.0	0.0	0.0	0.0	0.0	0.0
